AFG,continent,location,date,total_cases,new_cases,new_cases_smoothed,total_deaths,new_deaths,new_deaths_smoothed,total_cases_per_million,new_cases_per_million,new_cases_smoothed_per_million,total_deaths_per_million,new_deaths_per_million,new_deaths_smoothed_per_million,reproduction_rate,icu_patients,icu_patients_per_million,hosp_patients,hosp_patients_per_million,weekly_icu_admissions,weekly_icu_admissions_per_million,weekly_hosp_admissions,weekly_hosp_admissions_per_million,new_tests,total_tests,total_tests_per_thousand,new_tests_per_thousand,new_tests_smoothed,new_tests_smoothed_per_thousand,positive_rate,tests_per_case,tests_units,total_vaccinations,people_vaccinated,people_fully_vaccinated,total_boosters,new_vaccinations,new_vaccinations_smoothed,total_vaccinations_per_hundred,people_vaccinated_per_hundred,people_fully_vaccinated_per_hundred,total_boosters_per_hundred,new_vaccinations_smoothed_per_million,new_people_vaccinated_smoothed,new_people_vaccinated_smoothed_per_hundred,stringency_index,population,population_density,median_age,aged_65_older,aged_70_older,gdp_per_capita,extreme_poverty,cardiovasc_death_rate,diabetes_prevalence,female_smokers,male_smokers,handwashing_facilities,hospital_beds_per_thousand,life_expectancy,human_development_index,excess_mortality_cumulative_absolute,excess_mortality_cumulative,excess_mortality,excess_mortality_cumulative_per_million
OWID_CYN,Asia,Northern Cyprus,1/14/2021,,,,,,,,,,,,,,,,,,,,,,,,,,,,,,,0,,,,,,0,,,,,,,,,,,,,,,,,,,,,,,,,,
OWID_CYN,Asia,Northern Cyprus,1/15/2021,,,,,,,,,,,,,,,,,,,,,,,,,,,,,,,,,,,,994,,,,,2601,,,,,,,,,,,,,,,,,,,,,,
OWID_CYN,Asia,Northern Cyprus,1/16/2021,,,,,,,,,,,,,,,,,,,,,,,,,,,,,,,,,,,,994,,,,,2601,,,,,,,,,,,,,,,,,,,,,,
OWID_CYN,Asia,Northern Cyprus,1/17/2021,,,,,,,,,,,,,,,,,,,,,,,,,,,,,,,,,,,,994,,,,,2601,,,,,,,,,,,,,,,,,,,,,,
OWID_CYN,Asia,Northern Cyprus,1/18/2021,,,,,,,,,,,,,,,,,,,,,,,,,,,,,,,,,,,,994,,,,,2601,,,,,,,,,,,,,,,,,,,,,,
OWID_CYN,Asia,Northern Cyprus,1/19/2021,,,,,,,,,,,,,,,,,,,,,,,,,,,,,,,4968,,,,,994,1.3,,,,2601,,,,,,,,,,,,,,,,,,,,,,
OWID_CYN,Asia,Northern Cyprus,1/20/2021,,,,,,,,,,,,,,,,,,,,,,,,,,,,,,,,,,,,1163,,,,,3043,,,,,,,,,,,,,,,,,,,,,,
OWID_CYN,Asia,Northern Cyprus,1/21/2021,,,,,,,,,,,,,,,,,,,,,,,,,,,,,,,,,,,,1284,,,,,3359,,,,,,,,,,,,,,,,,,,,,,
OWID_CYN,Asia,Northern Cyprus,1/22/2021,,,,,,,,,,,,,,,,,,,,,,,,,,,,,,,11000,,,,,1429,2.88,,,,3739,,,,,,,,,,,,,,,,,,,,,,
OWID_CYN,Asia,Northern Cyprus,1/23/2021,,,,,,,,,,,,,,,,,,,,,,,,,,,,,,,,,,,,1488,,,,,3893,,,,,,,,,,,,,,,,,,,,,,
OWID_CYN,Asia,Northern Cyprus,1/24/2021,,,,,,,,,,,,,,,,,,,,,,,,,,,,,,,,,,,,1546,,,,,4045,,,,,,,,,,,,,,,,,,,,,,
OWID_CYN,Asia,Northern Cyprus,1/25/2021,,,,,,,,,,,,,,,,,,,,,,,,,,,,,,,,,,,,1605,,,,,4199,,,,,,,,,,,,,,,,,,,,,,
OWID_CYN,Asia,Northern Cyprus,1/26/2021,,,,,,,,,,,,,,,,,,,,,,,,,,,,,,,,,,,,1663,,,,,4351,,,,,,,,,,,,,,,,,,,,,,
OWID_CYN,Asia,Northern Cyprus,1/27/2021,,,,,,,,,,,,,,,,,,,,,,,,,,,,,,,,,,,,1576,,,,,4123,,,,,,,,,,,,,,,,,,,,,,
OWID_CYN,Asia,Northern Cyprus,1/28/2021,,,,,,,,,,,,,,,,,,,,,,,,,,,,,,,,,,,,1490,,,,,3898,,,,,,,,,,,,,,,,,,,,,,
OWID_CYN,Asia,Northern Cyprus,1/29/2021,,,,,,,,,,,,,,,,,,,,,,,,,,,,,,,,,,,,1403,,,,,3671,,,,,,,,,,,,,,,,,,,,,,
OWID_CYN,Asia,Northern Cyprus,1/30/2021,,,,,,,,,,,,,,,,,,,,,,,,,,,,,,,,,,,,1403,,,,,3671,,,,,,,,,,,,,,,,,,,,,,
OWID_CYN,Asia,Northern Cyprus,1/31/2021,,,,,,,,,,,,,,,,,,,,,,,,,,,,,,,,,,,,1403,,,,,3671,,,,,,,,,,,,,,,,,,,,,,
OWID_CYN,Asia,Northern Cyprus,2/1/2021,,,,,,,,,,,,,,,,,,,,,,,,,,,,,,,,,,,,1403,,,,,3671,,,,,,,,,,,,,,,,,,,,,,
OWID_CYN,Asia,Northern Cyprus,2/2/2021,,,,,,,,,,,,,,,,,,,,,,,,,,,,,,,,,,,,1403,,,,,3671,,,,,,,,,,,,,,,,,,,,,,
OWID_CYN,Asia,Northern Cyprus,2/3/2021,,,,,,,,,,,,,,,,,,,,,,,,,,,,,,,,,,,,1403,,,,,3671,,,,,,,,,,,,,,,,,,,,,,
OWID_CYN,Asia,Northern Cyprus,2/4/2021,,,,,,,,,,,,,,,,,,,,,,,,,,,,,,,,,,,,1403,,,,,3671,,,,,,,,,,,,,,,,,,,,,,
OWID_CYN,Asia,Northern Cyprus,2/5/2021,,,,,,,,,,,,,,,,,,,,,,,,,,,,,,,,,,,,1403,,,,,3671,,,,,,,,,,,,,,,,,,,,,,
OWID_CYN,Asia,Northern Cyprus,2/6/2021,,,,,,,,,,,,,,,,,,,,,,,,,,,,,,,,,,,,1403,,,,,3671,,,,,,,,,,,,,,,,,,,,,,
OWID_CYN,Asia,Northern Cyprus,2/7/2021,,,,,,,,,,,,,,,,,,,,,,,,,,,,,,,,,,,,1403,,,,,3671,,,,,,,,,,,,,,,,,,,,,,
OWID_CYN,Asia,Northern Cyprus,2/8/2021,,,,,,,,,,,,,,,,,,,,,,,,,,,,,,,,,,,,1403,,,,,3671,,,,,,,,,,,,,,,,,,,,,,
OWID_CYN,Asia,Northern Cyprus,2/9/2021,,,,,,,,,,,,,,,,,,,,,,,,,,,,,,,,,,,,1403,,,,,3671,,,,,,,,,,,,,,,,,,,,,,
OWID_CYN,Asia,Northern Cyprus,2/10/2021,,,,,,,,,,,,,,,,,,,,,,,,,,,,,,,,,,,,1403,,,,,3671,,,,,,,,,,,,,,,,,,,,,,
OWID_CYN,Asia,Northern Cyprus,2/11/2021,,,,,,,,,,,,,,,,,,,,,,,,,,,,,,,,,,,,1403,,,,,3671,,,,,,,,,,,,,,,,,,,,,,
OWID_CYN,Asia,Northern Cyprus,2/12/2021,,,,,,,,,,,,,,,,,,,,,,,,,,,,,,,,,,,,1403,,,,,3671,,,,,,,,,,,,,,,,,,,,,,
OWID_CYN,Asia,Northern Cyprus,2/13/2021,,,,,,,,,,,,,,,,,,,,,,,,,,,,,,,,,,,,1403,,,,,3671,,,,,,,,,,,,,,,,,,,,,,
OWID_CYN,Asia,Northern Cyprus,2/14/2021,,,,,,,,,,,,,,,,,,,,,,,,,,,,,,,,,,,,1403,,,,,3671,,,,,,,,,,,,,,,,,,,,,,
OWID_CYN,Asia,Northern Cyprus,2/15/2021,,,,,,,,,,,,,,,,,,,,,,,,,,,,,,,,,,,,1403,,,,,3671,,,,,,,,,,,,,,,,,,,,,,
OWID_CYN,Asia,Northern Cyprus,2/16/2021,,,,,,,,,,,,,,,,,,,,,,,,,,,,,,,,,,,,1403,,,,,3671,,,,,,,,,,,,,,,,,,,,,,
OWID_CYN,Asia,Northern Cyprus,2/17/2021,,,,,,,,,,,,,,,,,,,,,,,,,,,,,,,,,,,,1403,,,,,3671,,,,,,,,,,,,,,,,,,,,,,
OWID_CYN,Asia,Northern Cyprus,2/18/2021,,,,,,,,,,,,,,,,,,,,,,,,,,,,,,,,,,,,1403,,,,,3671,,,,,,,,,,,,,,,,,,,,,,
OWID_CYN,Asia,Northern Cyprus,2/19/2021,,,,,,,,,,,,,,,,,,,,,,,,,,,,,,,,,,,,1403,,,,,3671,,,,,,,,,,,,,,,,,,,,,,
OWID_CYN,Asia,Northern Cyprus,2/20/2021,,,,,,,,,,,,,,,,,,,,,,,,,,,,,,,,,,,,1403,,,,,3671,,,,,,,,,,,,,,,,,,,,,,
OWID_CYN,Asia,Northern Cyprus,2/21/2021,,,,,,,,,,,,,,,,,,,,,,,,,,,,,,,,,,,,1403,,,,,3671,,,,,,,,,,,,,,,,,,,,,,
OWID_CYN,Asia,Northern Cyprus,2/22/2021,,,,,,,,,,,,,,,,,,,,,,,,,,,,,,,,,,,,1403,,,,,3671,,,,,,,,,,,,,,,,,,,,,,
OWID_CYN,Asia,Northern Cyprus,2/23/2021,,,,,,,,,,,,,,,,,,,,,,,,,,,,,,,,,,,,1403,,,,,3671,,,,,,,,,,,,,,,,,,,,,,
OWID_CYN,Asia,Northern Cyprus,2/24/2021,,,,,,,,,,,,,,,,,,,,,,,,,,,,,,,,,,,,1403,,,,,3671,,,,,,,,,,,,,,,,,,,,,,
OWID_CYN,Asia,Northern Cyprus,2/25/2021,,,,,,,,,,,,,,,,,,,,,,,,,,,,,,,,,,,,1403,,,,,3671,,,,,,,,,,,,,,,,,,,,,,
OWID_CYN,Asia,Northern Cyprus,2/26/2021,,,,,,,,,,,,,,,,,,,,,,,,,,,,,,,,,,,,1403,,,,,3671,,,,,,,,,,,,,,,,,,,,,,
OWID_CYN,Asia,Northern Cyprus,2/27/2021,,,,,,,,,,,,,,,,,,,,,,,,,,,,,,,,,,,,1403,,,,,3671,,,,,,,,,,,,,,,,,,,,,,
OWID_CYN,Asia,Northern Cyprus,2/28/2021,,,,,,,,,,,,,,,,,,,,,,,,,,,,,,,,,,,,1403,,,,,3671,,,,,,,,,,,,,,,,,,,,,,
OWID_CYN,Asia,Northern Cyprus,3/1/2021,,,,,,,,,,,,,,,,,,,,,,,,,,,,,,,,,,,,1403,,,,,3671,,,,,,,,,,,,,,,,,,,,,,
OWID_CYN,Asia,Northern Cyprus,3/2/2021,,,,,,,,,,,,,,,,,,,,,,,,,,,,,,,,,,,,1403,,,,,3671,,,,,,,,,,,,,,,,,,,,,,
OWID_CYN,Asia,Northern Cyprus,3/3/2021,,,,,,,,,,,,,,,,,,,,,,,,,,,,,,,,,,,,1403,,,,,3671,,,,,,,,,,,,,,,,,,,,,,
OWID_CYN,Asia,Northern Cyprus,3/4/2021,,,,,,,,,,,,,,,,,,,,,,,,,,,,,,,,,,,,1403,,,,,3671,,,,,,,,,,,,,,,,,,,,,,
OWID_CYN,Asia,Northern Cyprus,3/5/2021,,,,,,,,,,,,,,,,,,,,,,,,,,,,,,,,,,,,1403,,,,,3671,,,,,,,,,,,,,,,,,,,,,,
OWID_CYN,Asia,Northern Cyprus,3/6/2021,,,,,,,,,,,,,,,,,,,,,,,,,,,,,,,,,,,,1403,,,,,3671,,,,,,,,,,,,,,,,,,,,,,
OWID_CYN,Asia,Northern Cyprus,3/7/2021,,,,,,,,,,,,,,,,,,,,,,,,,,,,,,,,,,,,1403,,,,,3671,,,,,,,,,,,,,,,,,,,,,,
OWID_CYN,Asia,Northern Cyprus,3/8/2021,,,,,,,,,,,,,,,,,,,,,,,,,,,,,,,,,,,,1403,,,,,3671,,,,,,,,,,,,,,,,,,,,,,
OWID_CYN,Asia,Northern Cyprus,3/9/2021,,,,,,,,,,,,,,,,,,,,,,,,,,,,,,,,,,,,1403,,,,,3671,,,,,,,,,,,,,,,,,,,,,,
OWID_CYN,Asia,Northern Cyprus,3/10/2021,,,,,,,,,,,,,,,,,,,,,,,,,,,,,,,,,,,,1403,,,,,3671,,,,,,,,,,,,,,,,,,,,,,
OWID_CYN,Asia,Northern Cyprus,3/11/2021,,,,,,,,,,,,,,,,,,,,,,,,,,,,,,,,,,,,1403,,,,,3671,,,,,,,,,,,,,,,,,,,,,,
OWID_CYN,Asia,Northern Cyprus,3/12/2021,,,,,,,,,,,,,,,,,,,,,,,,,,,,,,,,,,,,1403,,,,,3671,,,,,,,,,,,,,,,,,,,,,,
OWID_CYN,Asia,Northern Cyprus,3/13/2021,,,,,,,,,,,,,,,,,,,,,,,,,,,,,,,,,,,,1403,,,,,3671,,,,,,,,,,,,,,,,,,,,,,
OWID_CYN,Asia,Northern Cyprus,3/14/2021,,,,,,,,,,,,,,,,,,,,,,,,,,,,,,,,,,,,1403,,,,,3671,,,,,,,,,,,,,,,,,,,,,,
OWID_CYN,Asia,Northern Cyprus,3/15/2021,,,,,,,,,,,,,,,,,,,,,,,,,,,,,,,,,,,,1403,,,,,3671,,,,,,,,,,,,,,,,,,,,,,
OWID_CYN,Asia,Northern Cyprus,3/16/2021,,,,,,,,,,,,,,,,,,,,,,,,,,,,,,,,,,,,1403,,,,,3671,,,,,,,,,,,,,,,,,,,,,,
OWID_CYN,Asia,Northern Cyprus,3/17/2021,,,,,,,,,,,,,,,,,,,,,,,,,,,,,,,,,,,,1403,,,,,3671,,,,,,,,,,,,,,,,,,,,,,
OWID_CYN,Asia,Northern Cyprus,3/18/2021,,,,,,,,,,,,,,,,,,,,,,,,,,,,,,,,,,,,1403,,,,,3671,,,,,,,,,,,,,,,,,,,,,,
OWID_CYN,Asia,Northern Cyprus,3/19/2021,,,,,,,,,,,,,,,,,,,,,,,,,,,,,,,,,,,,1403,,,,,3671,,,,,,,,,,,,,,,,,,,,,,
OWID_CYN,Asia,Northern Cyprus,3/20/2021,,,,,,,,,,,,,,,,,,,,,,,,,,,,,,,,,,,,1403,,,,,3671,,,,,,,,,,,,,,,,,,,,,,
OWID_CYN,Asia,Northern Cyprus,3/21/2021,,,,,,,,,,,,,,,,,,,,,,,,,,,,,,,,,,,,1403,,,,,3671,,,,,,,,,,,,,,,,,,,,,,
OWID_CYN,Asia,Northern Cyprus,3/22/2021,,,,,,,,,,,,,,,,,,,,,,,,,,,,,,,,,,,,1403,,,,,3671,,,,,,,,,,,,,,,,,,,,,,
OWID_CYN,Asia,Northern Cyprus,3/23/2021,,,,,,,,,,,,,,,,,,,,,,,,,,,,,,,,,,,,1403,,,,,3671,,,,,,,,,,,,,,,,,,,,,,
OWID_CYN,Asia,Northern Cyprus,3/24/2021,,,,,,,,,,,,,,,,,,,,,,,,,,,,,,,,,,,,1403,,,,,3671,,,,,,,,,,,,,,,,,,,,,,
OWID_CYN,Asia,Northern Cyprus,3/25/2021,,,,,,,,,,,,,,,,,,,,,,,,,,,,,,,97969,53886,44083,,,1403,25.63,14.1,11.53,,3671,,,,,,,,,,,,,,,,,,,,,,
OWID_CYN,Asia,Northern Cyprus,3/26/2021,,,,,,,,,,,,,,,,,,,,,,,,,,,,,,,,,,,,1252,,,,,3276,132,0.035,,,,,,,,,,,,,,,,,,,,
OWID_CYN,Asia,Northern Cyprus,3/27/2021,,,,,,,,,,,,,,,,,,,,,,,,,,,,,,,,,,,,1102,,,,,2883,132,0.035,,,,,,,,,,,,,,,,,,,,
OWID_CYN,Asia,Northern Cyprus,3/28/2021,,,,,,,,,,,,,,,,,,,,,,,,,,,,,,,,,,,,952,,,,,2491,132,0.035,,,,,,,,,,,,,,,,,,,,
OWID_CYN,Asia,Northern Cyprus,3/29/2021,,,,,,,,,,,,,,,,,,,,,,,,,,,,,,,,,,,,801,,,,,2096,132,0.035,,,,,,,,,,,,,,,,,,,,
OWID_CYN,Asia,Northern Cyprus,3/30/2021,,,,,,,,,,,,,,,,,,,,,,,,,,,,,,,,,,,,651,,,,,1703,132,0.035,,,,,,,,,,,,,,,,,,,,
OWID_CYN,Asia,Northern Cyprus,3/31/2021,,,,,,,,,,,,,,,,,,,,,,,,,,,,,,,,,,,,501,,,,,1311,132,0.035,,,,,,,,,,,,,,,,,,,,
OWID_CYN,Asia,Northern Cyprus,4/1/2021,,,,,,,,,,,,,,,,,,,,,,,,,,,,,,,,,,,,350,,,,,916,132,0.035,,,,,,,,,,,,,,,,,,,,
OWID_CYN,Asia,Northern Cyprus,4/2/2021,,,,,,,,,,,,,,,,,,,,,,,,,,,,,,,,,,,,350,,,,,916,132,0.035,,,,,,,,,,,,,,,,,,,,
OWID_CYN,Asia,Northern Cyprus,4/3/2021,,,,,,,,,,,,,,,,,,,,,,,,,,,,,,,,,,,,350,,,,,916,132,0.035,,,,,,,,,,,,,,,,,,,,
OWID_CYN,Asia,Northern Cyprus,4/4/2021,,,,,,,,,,,,,,,,,,,,,,,,,,,,,,,,,,,,350,,,,,916,132,0.035,,,,,,,,,,,,,,,,,,,,
OWID_CYN,Asia,Northern Cyprus,4/5/2021,,,,,,,,,,,,,,,,,,,,,,,,,,,,,,,,,,,,350,,,,,916,132,0.035,,,,,,,,,,,,,,,,,,,,
OWID_CYN,Asia,Northern Cyprus,4/6/2021,,,,,,,,,,,,,,,,,,,,,,,,,,,,,,,,,,,,350,,,,,916,132,0.035,,,,,,,,,,,,,,,,,,,,
OWID_CYN,Asia,Northern Cyprus,4/7/2021,,,,,,,,,,,,,,,,,,,,,,,,,,,,,,,,,,,,350,,,,,916,132,0.035,,,,,,,,,,,,,,,,,,,,
OWID_CYN,Asia,Northern Cyprus,4/8/2021,,,,,,,,,,,,,,,,,,,,,,,,,,,,,,,,,,,,350,,,,,916,132,0.035,,,,,,,,,,,,,,,,,,,,
OWID_CYN,Asia,Northern Cyprus,4/9/2021,,,,,,,,,,,,,,,,,,,,,,,,,,,,,,,,,,,,350,,,,,916,132,0.035,,,,,,,,,,,,,,,,,,,,
OWID_CYN,Asia,Northern Cyprus,4/10/2021,,,,,,,,,,,,,,,,,,,,,,,,,,,,,,,,,,,,350,,,,,916,132,0.035,,,,,,,,,,,,,,,,,,,,
OWID_CYN,Asia,Northern Cyprus,4/11/2021,,,,,,,,,,,,,,,,,,,,,,,,,,,,,,,,,,,,350,,,,,916,132,0.035,,,,,,,,,,,,,,,,,,,,
OWID_CYN,Asia,Northern Cyprus,4/12/2021,,,,,,,,,,,,,,,,,,,,,,,,,,,,,,,,,,,,350,,,,,916,132,0.035,,,,,,,,,,,,,,,,,,,,
OWID_CYN,Asia,Northern Cyprus,4/13/2021,,,,,,,,,,,,,,,,,,,,,,,,,,,,,,,,,,,,350,,,,,916,132,0.035,,,,,,,,,,,,,,,,,,,,
OWID_CYN,Asia,Northern Cyprus,4/14/2021,,,,,,,,,,,,,,,,,,,,,,,,,,,,,,,104978,56516,48462,,,350,27.46,14.79,12.68,,916,132,0.035,,,,,,,,,,,,,,,,,,,,
OWID_CYN,Asia,Northern Cyprus,4/15/2021,,,,,,,,,,,,,,,,,,,,,,,,,,,,,,,,,,,,369,,,,,965,178,0.047,,,,,,,,,,,,,,,,,,,,
OWID_CYN,Asia,Northern Cyprus,4/16/2021,,,,,,,,,,,,,,,,,,,,,,,,,,,,,,,,,,,,387,,,,,1012,225,0.059,,,,,,,,,,,,,,,,,,,,
OWID_CYN,Asia,Northern Cyprus,4/17/2021,,,,,,,,,,,,,,,,,,,,,,,,,,,,,,,,,,,,405,,,,,1060,272,0.071,,,,,,,,,,,,,,,,,,,,
OWID_CYN,Asia,Northern Cyprus,4/18/2021,,,,,,,,,,,,,,,,,,,,,,,,,,,,,,,,,,,,423,,,,,1107,319,0.083,,,,,,,,,,,,,,,,,,,,
OWID_CYN,Asia,Northern Cyprus,4/19/2021,,,,,,,,,,,,,,,,,,,,,,,,,,,,,,,107365,58812,48553,,,441,28.09,15.39,12.7,,1154,366,0.096,,,,,,,,,,,,,,,,,,,,
OWID_CYN,Asia,Northern Cyprus,4/20/2021,,,,,,,,,,,,,,,,,,,,,,,,,,,,,,,,,,,,467,,,,,1222,412,0.108,,,,,,,,,,,,,,,,,,,,
OWID_CYN,Asia,Northern Cyprus,4/21/2021,,,,,,,,,,,,,,,,,,,,,,,,,,,,,,,,,,,,493,,,,,1290,459,0.12,,,,,,,,,,,,,,,,,,,,
OWID_CYN,Asia,Northern Cyprus,4/22/2021,,,,,,,,,,,,,,,,,,,,,,,,,,,,,,,,,,,,500,,,,,1308,458,0.12,,,,,,,,,,,,,,,,,,,,
OWID_CYN,Asia,Northern Cyprus,4/23/2021,,,,,,,,,,,,,,,,,,,,,,,,,,,,,,,109490,60642,48848,,,508,28.65,15.87,12.78,,1329,458,0.12,,,,,,,,,,,,,,,,,,,,
OWID_CYN,Asia,Northern Cyprus,4/24/2021,,,,,,,,,,,,,,,,,,,,,,,,,,,,,,,,,,,,558,,,,,1460,492,0.129,,,,,,,,,,,,,,,,,,,,
OWID_CYN,Asia,Northern Cyprus,4/25/2021,,,,,,,,,,,,,,,,,,,,,,,,,,,,,,,,,,,,607,,,,,1588,526,0.138,,,,,,,,,,,,,,,,,,,,
OWID_CYN,Asia,Northern Cyprus,4/26/2021,,,,,,,,,,,,,,,,,,,,,,,,,,,,,,,,,,,,656,,,,,1716,560,0.147,,,,,,,,,,,,,,,,,,,,
OWID_CYN,Asia,Northern Cyprus,4/27/2021,,,,,,,,,,,,,,,,,,,,,,,,,,,,,,,,,,,,698,,,,,1826,594,0.155,,,,,,,,,,,,,,,,,,,,
OWID_CYN,Asia,Northern Cyprus,4/28/2021,,,,,,,,,,,,,,,,,,,,,,,,,,,,,,,,,,,,740,,,,,1936,628,0.164,,,,,,,,,,,,,,,,,,,,
OWID_CYN,Asia,Northern Cyprus,4/29/2021,,,,,,,,,,,,,,,,,,,,,,,,,,,,,,,,,,,,782,,,,,2046,662,0.173,,,,,,,,,,,,,,,,,,,,
OWID_CYN,Asia,Northern Cyprus,4/30/2021,,,,,,,,,,,,,,,,,,,,,,,,,,,,,,,,,,,,823,,,,,2153,696,0.182,,,,,,,,,,,,,,,,,,,,
OWID_CYN,Asia,Northern Cyprus,5/1/2021,,,,,,,,,,,,,,,,,,,,,,,,,,,,,,,,,,,,823,,,,,2153,696,0.182,,,,,,,,,,,,,,,,,,,,
OWID_CYN,Asia,Northern Cyprus,5/2/2021,,,,,,,,,,,,,,,,,,,,,,,,,,,,,,,,,,,,823,,,,,2153,696,0.182,,,,,,,,,,,,,,,,,,,,
OWID_CYN,Asia,Northern Cyprus,5/3/2021,,,,,,,,,,,,,,,,,,,,,,,,,,,,,,,,,,,,823,,,,,2153,696,0.182,,,,,,,,,,,,,,,,,,,,
OWID_CYN,Asia,Northern Cyprus,5/4/2021,,,,,,,,,,,,,,,,,,,,,,,,,,,,,,,,,,,,823,,,,,2153,696,0.182,,,,,,,,,,,,,,,,,,,,
OWID_CYN,Asia,Northern Cyprus,5/5/2021,,,,,,,,,,,,,,,,,,,,,,,,,,,,,,,,,,,,823,,,,,2153,696,0.182,,,,,,,,,,,,,,,,,,,,
OWID_CYN,Asia,Northern Cyprus,5/6/2021,,,,,,,,,,,,,,,,,,,,,,,,,,,,,,,,,,,,823,,,,,2153,696,0.182,,,,,,,,,,,,,,,,,,,,
OWID_CYN,Asia,Northern Cyprus,5/7/2021,,,,,,,,,,,,,,,,,,,,,,,,,,,,,,,,,,,,823,,,,,2153,696,0.182,,,,,,,,,,,,,,,,,,,,
OWID_CYN,Asia,Northern Cyprus,5/8/2021,,,,,,,,,,,,,,,,,,,,,,,,,,,,,,,121841,71081,50760,,,823,31.88,18.6,13.28,,2153,696,0.182,,,,,,,,,,,,,,,,,,,,
OWID_CYN,Asia,Northern Cyprus,5/9/2021,,,,,,,,,,,,,,,,,,,,,,,,,,,,,,,,,,,,760,,,,,1988,643,0.168,,,,,,,,,,,,,,,,,,,,
OWID_CYN,Asia,Northern Cyprus,5/10/2021,,,,,,,,,,,,,,,,,,,,,,,,,,,,,,,122598,71737,50861,,,696,32.07,18.77,13.31,,1821,591,0.155,,,,,,,,,,,,,,,,,,,,
OWID_CYN,Asia,Northern Cyprus,5/11/2021,,,,,,,,,,,,,,,,,,,,,,,,,,,,,,,123791,72644,51147,,1193,749,32.39,19.01,13.38,,1960,621,0.162,,,,,,,,,,,,,,,,,,,,
OWID_CYN,Asia,Northern Cyprus,5/12/2021,,,,,,,,,,,,,,,,,,,,,,,,,,,,,,,,,,,,643,,,,,1682,528,0.138,,,,,,,,,,,,,,,,,,,,
OWID_CYN,Asia,Northern Cyprus,5/13/2021,,,,,,,,,,,,,,,,,,,,,,,,,,,,,,,,,,,,536,,,,,1402,435,0.114,,,,,,,,,,,,,,,,,,,,
OWID_CYN,Asia,Northern Cyprus,5/14/2021,,,,,,,,,,,,,,,,,,,,,,,,,,,,,,,124024,72783,51241,,,429,32.45,19.04,13.41,,1122,343,0.09,,,,,,,,,,,,,,,,,,,,
OWID_CYN,Asia,Northern Cyprus,5/15/2021,,,,,,,,,,,,,,,,,,,,,,,,,,,,,,,,,,,,347,,,,,908,271,0.071,,,,,,,,,,,,,,,,,,,,
OWID_CYN,Asia,Northern Cyprus,5/16/2021,,,,,,,,,,,,,,,,,,,,,,,,,,,,,,,,,,,,327,,,,,856,252,0.066,,,,,,,,,,,,,,,,,,,,
OWID_CYN,Asia,Northern Cyprus,5/17/2021,,,,,,,,,,,,,,,,,,,,,,,,,,,,,,,124752,73365,51387,,,308,32.64,19.19,13.44,,806,233,0.061,,,,,,,,,,,,,,,,,,,,
OWID_CYN,Asia,Northern Cyprus,5/18/2021,,,,,,,,,,,,,,,,,,,,,,,,,,,,,,,,,,,,173,,,,,453,135,0.035,,,,,,,,,,,,,,,,,,,,
OWID_CYN,Asia,Northern Cyprus,5/19/2021,,,,,,,,,,,,,,,,,,,,,,,,,,,,,,,125248,73814,51434,,,197,32.77,19.31,13.46,,515,161,0.042,,,,,,,,,,,,,,,,,,,,
OWID_CYN,Asia,Northern Cyprus,5/20/2021,,,,,,,,,,,,,,,,,,,,,,,,,,,,,,,,,,,,254,,,,,665,187,0.049,,,,,,,,,,,,,,,,,,,,
OWID_CYN,Asia,Northern Cyprus,5/21/2021,,,,,,,,,,,,,,,,,,,,,,,,,,,,,,,,,,,,310,,,,,811,213,0.056,,,,,,,,,,,,,,,,,,,,
OWID_CYN,Asia,Northern Cyprus,5/22/2021,,,,,,,,,,,,,,,,,,,,,,,,,,,,,,,126668,74507,52161,,,343,33.14,19.49,13.65,,897,219,0.057,,,,,,,,,,,,,,,,,,,,
OWID_CYN,Asia,Northern Cyprus,5/23/2021,,,,,,,,,,,,,,,,,,,,,,,,,,,,,,,,,,,,319,,,,,835,193,0.05,,,,,,,,,,,,,,,,,,,,
OWID_CYN,Asia,Northern Cyprus,5/24/2021,,,,,,,,,,,,,,,,,,,,,,,,,,,,,,,126813,74533,52280,,,294,33.18,19.5,13.68,,769,167,0.044,,,,,,,,,,,,,,,,,,,,
OWID_CYN,Asia,Northern Cyprus,5/25/2021,,,,,,,,,,,,,,,,,,,,,,,,,,,,,,,127608,74703,52905,,795,373,33.39,19.54,13.84,,976,159,0.042,,,,,,,,,,,,,,,,,,,,
OWID_CYN,Asia,Northern Cyprus,5/26/2021,,,,,,,,,,,,,,,,,,,,,,,,,,,,,,,,,,,,490,,,,,1282,181,0.047,,,,,,,,,,,,,,,,,,,,
OWID_CYN,Asia,Northern Cyprus,5/27/2021,,,,,,,,,,,,,,,,,,,,,,,,,,,,,,,129743,75463,54280,,,575,33.94,19.74,14.2,,1504,203,0.053,,,,,,,,,,,,,,,,,,,,
OWID_CYN,Asia,Northern Cyprus,5/28/2021,,,,,,,,,,,,,,,,,,,,,,,,,,,,,,,,,,,,807,,,,,2111,324,0.085,,,,,,,,,,,,,,,,,,,,
OWID_CYN,Asia,Northern Cyprus,5/29/2021,,,,,,,,,,,,,,,,,,,,,,,,,,,,,,,,,,,,1039,,,,,2718,445,0.116,,,,,,,,,,,,,,,,,,,,
OWID_CYN,Asia,Northern Cyprus,5/30/2021,,,,,,,,,,,,,,,,,,,,,,,,,,,,,,,,,,,,1328,,,,,3474,597,0.156,,,,,,,,,,,,,,,,,,,,
OWID_CYN,Asia,Northern Cyprus,5/31/2021,,,,,,,,,,,,,,,,,,,,,,,,,,,,,,,,,,,,1617,,,,,4230,750,0.196,,,,,,,,,,,,,,,,,,,,
OWID_CYN,Asia,Northern Cyprus,6/1/2021,,,,,,,,,,,,,,,,,,,,,,,,,,,,,,,,,,,,1804,,,,,4720,880,0.23,,,,,,,,,,,,,,,,,,,,
OWID_CYN,Asia,Northern Cyprus,6/2/2021,,,,,,,,,,,,,,,,,,,,,,,,,,,,,,,,,,,,1951,,,,,5104,979,0.256,,,,,,,,,,,,,,,,,,,,
OWID_CYN,Asia,Northern Cyprus,6/3/2021,,,,,,,,,,,,,,,,,,,,,,,,,,,,,,,,,,,,2098,,,,,5489,1079,0.282,,,,,,,,,,,,,,,,,,,,
OWID_CYN,Asia,Northern Cyprus,6/4/2021,,,,,,,,,,,,,,,,,,,,,,,,,,,,,,,,,,,,2098,,,,,5489,1079,0.282,,,,,,,,,,,,,,,,,,,,
OWID_CYN,Asia,Northern Cyprus,6/5/2021,,,,,,,,,,,,,,,,,,,,,,,,,,,,,,,,,,,,2098,,,,,5489,1079,0.282,,,,,,,,,,,,,,,,,,,,
OWID_CYN,Asia,Northern Cyprus,6/6/2021,,,,,,,,,,,,,,,,,,,,,,,,,,,,,,,,,,,,2098,,,,,5489,1079,0.282,,,,,,,,,,,,,,,,,,,,
OWID_CYN,Asia,Northern Cyprus,6/7/2021,,,,,,,,,,,,,,,,,,,,,,,,,,,,,,,,,,,,2098,,,,,5489,1079,0.282,,,,,,,,,,,,,,,,,,,,
OWID_CYN,Asia,Northern Cyprus,6/8/2021,,,,,,,,,,,,,,,,,,,,,,,,,,,,,,,,,,,,2098,,,,,5489,1079,0.282,,,,,,,,,,,,,,,,,,,,
OWID_CYN,Asia,Northern Cyprus,6/9/2021,,,,,,,,,,,,,,,,,,,,,,,,,,,,,,,,,,,,2098,,,,,5489,1079,0.282,,,,,,,,,,,,,,,,,,,,
OWID_CYN,Asia,Northern Cyprus,6/10/2021,,,,,,,,,,,,,,,,,,,,,,,,,,,,,,,,,,,,2098,,,,,5489,1079,0.282,,,,,,,,,,,,,,,,,,,,
OWID_CYN,Asia,Northern Cyprus,6/11/2021,,,,,,,,,,,,,,,,,,,,,,,,,,,,,,,,,,,,2098,,,,,5489,1079,0.282,,,,,,,,,,,,,,,,,,,,
OWID_CYN,Asia,Northern Cyprus,6/12/2021,,,,,,,,,,,,,,,,,,,,,,,,,,,,,,,,,,,,2098,,,,,5489,1079,0.282,,,,,,,,,,,,,,,,,,,,
OWID_CYN,Asia,Northern Cyprus,6/13/2021,,,,,,,,,,,,,,,,,,,,,,,,,,,,,,,,,,,,2098,,,,,5489,1079,0.282,,,,,,,,,,,,,,,,,,,,
OWID_CYN,Asia,Northern Cyprus,6/14/2021,,,,,,,,,,,,,,,,,,,,,,,,,,,,,,,,,,,,2098,,,,,5489,1079,0.282,,,,,,,,,,,,,,,,,,,,
OWID_CYN,Asia,Northern Cyprus,6/15/2021,,,,,,,,,,,,,,,,,,,,,,,,,,,,,,,,,,,,2098,,,,,5489,1079,0.282,,,,,,,,,,,,,,,,,,,,
OWID_CYN,Asia,Northern Cyprus,6/16/2021,,,,,,,,,,,,,,,,,,,,,,,,,,,,,,,,,,,,2098,,,,,5489,1079,0.282,,,,,,,,,,,,,,,,,,,,
OWID_CYN,Asia,Northern Cyprus,6/17/2021,,,,,,,,,,,,,,,,,,,,,,,,,,,,,,,,,,,,2098,,,,,5489,1079,0.282,,,,,,,,,,,,,,,,,,,,
OWID_CYN,Asia,Northern Cyprus,6/18/2021,,,,,,,,,,,,,,,,,,,,,,,,,,,,,,,,,,,,2098,,,,,5489,1079,0.282,,,,,,,,,,,,,,,,,,,,
OWID_CYN,Asia,Northern Cyprus,6/19/2021,,,,,,,,,,,,,,,,,,,,,,,,,,,,,,,,,,,,2098,,,,,5489,1079,0.282,,,,,,,,,,,,,,,,,,,,
OWID_CYN,Asia,Northern Cyprus,6/20/2021,,,,,,,,,,,,,,,,,,,,,,,,,,,,,,,,,,,,2098,,,,,5489,1079,0.282,,,,,,,,,,,,,,,,,,,,
OWID_CYN,Asia,Northern Cyprus,6/21/2021,,,,,,,,,,,,,,,,,,,,,,,,,,,,,,,,,,,,2098,,,,,5489,1079,0.282,,,,,,,,,,,,,,,,,,,,
OWID_CYN,Asia,Northern Cyprus,6/22/2021,,,,,,,,,,,,,,,,,,,,,,,,,,,,,,,,,,,,2098,,,,,5489,1079,0.282,,,,,,,,,,,,,,,,,,,,
OWID_CYN,Asia,Northern Cyprus,6/23/2021,,,,,,,,,,,,,,,,,,,,,,,,,,,,,,,,,,,,2098,,,,,5489,1079,0.282,,,,,,,,,,,,,,,,,,,,
OWID_CYN,Asia,Northern Cyprus,6/24/2021,,,,,,,,,,,,,,,,,,,,,,,,,,,,,,,,,,,,2098,,,,,5489,1079,0.282,,,,,,,,,,,,,,,,,,,,
OWID_CYN,Asia,Northern Cyprus,6/25/2021,,,,,,,,,,,,,,,,,,,,,,,,,,,,,,,,,,,,2098,,,,,5489,1079,0.282,,,,,,,,,,,,,,,,,,,,
OWID_CYN,Asia,Northern Cyprus,6/26/2021,,,,,,,,,,,,,,,,,,,,,,,,,,,,,,,,,,,,2098,,,,,5489,1079,0.282,,,,,,,,,,,,,,,,,,,,
OWID_CYN,Asia,Northern Cyprus,6/27/2021,,,,,,,,,,,,,,,,,,,,,,,,,,,,,,,194782,108923,85859,,,2098,50.96,28.5,22.46,,5489,1079,0.282,,,,,,,,,,,,,,,,,,,,
OWID_CYN,Asia,Northern Cyprus,6/28/2021,,,,,,,,,,,,,,,,,,,,,,,,,,,,,,,,,,,,2113,,,,,5528,1075,0.281,,,,,,,,,,,,,,,,,,,,
OWID_CYN,Asia,Northern Cyprus,6/29/2021,,,,,,,,,,,,,,,,,,,,,,,,,,,,,,,,,,,,2129,,,,,5570,1071,0.28,,,,,,,,,,,,,,,,,,,,
OWID_CYN,Asia,Northern Cyprus,6/30/2021,,,,,,,,,,,,,,,,,,,,,,,,,,,,,,,,,,,,2144,,,,,5609,1067,0.279,,,,,,,,,,,,,,,,,,,,
OWID_CYN,Asia,Northern Cyprus,7/1/2021,,,,,,,,,,,,,,,,,,,,,,,,,,,,,,,,,,,,2159,,,,,5648,1062,0.278,,,,,,,,,,,,,,,,,,,,
OWID_CYN,Asia,Northern Cyprus,7/2/2021,,,,,,,,,,,,,,,,,,,,,,,,,,,,,,,,,,,,2175,,,,,5690,1058,0.277,,,,,,,,,,,,,,,,,,,,
OWID_CYN,Asia,Northern Cyprus,7/3/2021,,,,,,,,,,,,,,,,,,,,,,,,,,,,,,,,,,,,2190,,,,,5730,1054,0.276,,,,,,,,,,,,,,,,,,,,
OWID_CYN,Asia,Northern Cyprus,7/4/2021,,,,,,,,,,,,,,,,,,,,,,,,,,,,,,,,,,,,2206,,,,,5771,1050,0.275,,,,,,,,,,,,,,,,,,,,
OWID_CYN,Asia,Northern Cyprus,7/5/2021,,,,,,,,,,,,,,,,,,,,,,,,,,,,,,,,,,,,2206,,,,,5771,1050,0.275,,,,,,,,,,,,,,,,,,,,
OWID_CYN,Asia,Northern Cyprus,7/6/2021,,,,,,,,,,,,,,,,,,,,,,,,,,,,,,,,,,,,2206,,,,,5771,1050,0.275,,,,,,,,,,,,,,,,,,,,
OWID_CYN,Asia,Northern Cyprus,7/7/2021,,,,,,,,,,,,,,,,,,,,,,,,,,,,,,,,,,,,2206,,,,,5771,1050,0.275,,,,,,,,,,,,,,,,,,,,
OWID_CYN,Asia,Northern Cyprus,7/8/2021,,,,,,,,,,,,,,,,,,,,,,,,,,,,,,,,,,,,2206,,,,,5771,1050,0.275,,,,,,,,,,,,,,,,,,,,
OWID_CYN,Asia,Northern Cyprus,7/9/2021,,,,,,,,,,,,,,,,,,,,,,,,,,,,,,,,,,,,2206,,,,,5771,1050,0.275,,,,,,,,,,,,,,,,,,,,
OWID_CYN,Asia,Northern Cyprus,7/10/2021,,,,,,,,,,,,,,,,,,,,,,,,,,,,,,,,,,,,2206,,,,,5771,1050,0.275,,,,,,,,,,,,,,,,,,,,
OWID_CYN,Asia,Northern Cyprus,7/11/2021,,,,,,,,,,,,,,,,,,,,,,,,,,,,,,,,,,,,2206,,,,,5771,1050,0.275,,,,,,,,,,,,,,,,,,,,
OWID_CYN,Asia,Northern Cyprus,7/12/2021,,,,,,,,,,,,,,,,,,,,,,,,,,,,,,,,,,,,2206,,,,,5771,1050,0.275,,,,,,,,,,,,,,,,,,,,
OWID_CYN,Asia,Northern Cyprus,7/13/2021,,,,,,,,,,,,,,,,,,,,,,,,,,,,,,,,,,,,2206,,,,,5771,1050,0.275,,,,,,,,,,,,,,,,,,,,
OWID_CYN,Asia,Northern Cyprus,7/14/2021,,,,,,,,,,,,,,,,,,,,,,,,,,,,,,,,,,,,2206,,,,,5771,1050,0.275,,,,,,,,,,,,,,,,,,,,
OWID_CYN,Asia,Northern Cyprus,7/15/2021,,,,,,,,,,,,,,,,,,,,,,,,,,,,,,,,,,,,2206,,,,,5771,1050,0.275,,,,,,,,,,,,,,,,,,,,
OWID_CYN,Asia,Northern Cyprus,7/16/2021,,,,,,,,,,,,,,,,,,,,,,,,,,,,,,,,,,,,2206,,,,,5771,1050,0.275,,,,,,,,,,,,,,,,,,,,
OWID_CYN,Asia,Northern Cyprus,7/17/2021,,,,,,,,,,,,,,,,,,,,,,,,,,,,,,,,,,,,2206,,,,,5771,1050,0.275,,,,,,,,,,,,,,,,,,,,
OWID_CYN,Asia,Northern Cyprus,7/18/2021,,,,,,,,,,,,,,,,,,,,,,,,,,,,,,,,,,,,2206,,,,,5771,1050,0.275,,,,,,,,,,,,,,,,,,,,
OWID_CYN,Asia,Northern Cyprus,7/19/2021,,,,,,,,,,,,,,,,,,,,,,,,,,,,,,,,,,,,2206,,,,,5771,1050,0.275,,,,,,,,,,,,,,,,,,,,
OWID_CYN,Asia,Northern Cyprus,7/20/2021,,,,,,,,,,,,,,,,,,,,,,,,,,,,,,,,,,,,2206,,,,,5771,1050,0.275,,,,,,,,,,,,,,,,,,,,
OWID_CYN,Asia,Northern Cyprus,7/21/2021,,,,,,,,,,,,,,,,,,,,,,,,,,,,,,,,,,,,2206,,,,,5771,1050,0.275,,,,,,,,,,,,,,,,,,,,
OWID_CYN,Asia,Northern Cyprus,7/22/2021,,,,,,,,,,,,,,,,,,,,,,,,,,,,,,,,,,,,2206,,,,,5771,1050,0.275,,,,,,,,,,,,,,,,,,,,
OWID_CYN,Asia,Northern Cyprus,7/23/2021,,,,,,,,,,,,,,,,,,,,,,,,,,,,,,,,,,,,2206,,,,,5771,1050,0.275,,,,,,,,,,,,,,,,,,,,
OWID_CYN,Asia,Northern Cyprus,7/24/2021,,,,,,,,,,,,,,,,,,,,,,,,,,,,,,,,,,,,2206,,,,,5771,1050,0.275,,,,,,,,,,,,,,,,,,,,
OWID_CYN,Asia,Northern Cyprus,7/25/2021,,,,,,,,,,,,,,,,,,,,,,,,,,,,,,,,,,,,2206,,,,,5771,1050,0.275,,,,,,,,,,,,,,,,,,,,
OWID_CYN,Asia,Northern Cyprus,7/26/2021,,,,,,,,,,,,,,,,,,,,,,,,,,,,,,,,,,,,2206,,,,,5771,1050,0.275,,,,,,,,,,,,,,,,,,,,
OWID_CYN,Asia,Northern Cyprus,7/27/2021,,,,,,,,,,,,,,,,,,,,,,,,,,,,,,,,,,,,2206,,,,,5771,1050,0.275,,,,,,,,,,,,,,,,,,,,
OWID_CYN,Asia,Northern Cyprus,7/28/2021,,,,,,,,,,,,,,,,,,,,,,,,,,,,,,,,,,,,2206,,,,,5771,1050,0.275,,,,,,,,,,,,,,,,,,,,
OWID_CYN,Asia,Northern Cyprus,7/29/2021,,,,,,,,,,,,,,,,,,,,,,,,,,,,,,,,,,,,2206,,,,,5771,1050,0.275,,,,,,,,,,,,,,,,,,,,
OWID_CYN,Asia,Northern Cyprus,7/30/2021,,,,,,,,,,,,,,,,,,,,,,,,,,,,,,,,,,,,2206,,,,,5771,1050,0.275,,,,,,,,,,,,,,,,,,,,
OWID_CYN,Asia,Northern Cyprus,7/31/2021,,,,,,,,,,,,,,,,,,,,,,,,,,,,,,,,,,,,2206,,,,,5771,1050,0.275,,,,,,,,,,,,,,,,,,,,
OWID_CYN,Asia,Northern Cyprus,8/1/2021,,,,,,,,,,,,,,,,,,,,,,,,,,,,,,,,,,,,2206,,,,,5771,1050,0.275,,,,,,,,,,,,,,,,,,,,
OWID_CYN,Asia,Northern Cyprus,8/2/2021,,,,,,,,,,,,,,,,,,,,,,,,,,,,,,,,,,,,2206,,,,,5771,1050,0.275,,,,,,,,,,,,,,,,,,,,
OWID_CYN,Asia,Northern Cyprus,8/3/2021,,,,,,,,,,,,,,,,,,,,,,,,,,,,,,,,,,,,2206,,,,,5771,1050,0.275,,,,,,,,,,,,,,,,,,,,
OWID_CYN,Asia,Northern Cyprus,8/4/2021,,,,,,,,,,,,,,,,,,,,,,,,,,,,,,,,,,,,2206,,,,,5771,1050,0.275,,,,,,,,,,,,,,,,,,,,
OWID_CYN,Asia,Northern Cyprus,8/5/2021,,,,,,,,,,,,,,,,,,,,,,,,,,,,,,,,,,,,2206,,,,,5771,1050,0.275,,,,,,,,,,,,,,,,,,,,
OWID_CYN,Asia,Northern Cyprus,8/6/2021,,,,,,,,,,,,,,,,,,,,,,,,,,,,,,,,,,,,2206,,,,,5771,1050,0.275,,,,,,,,,,,,,,,,,,,,
OWID_CYN,Asia,Northern Cyprus,8/7/2021,,,,,,,,,,,,,,,,,,,,,,,,,,,,,,,,,,,,2206,,,,,5771,1050,0.275,,,,,,,,,,,,,,,,,,,,
OWID_CYN,Asia,Northern Cyprus,8/8/2021,,,,,,,,,,,,,,,,,,,,,,,,,,,,,,,,,,,,2206,,,,,5771,1050,0.275,,,,,,,,,,,,,,,,,,,,
OWID_CYN,Asia,Northern Cyprus,8/9/2021,,,,,,,,,,,,,,,,,,,,,,,,,,,,,,,,,,,,2206,,,,,5771,1050,0.275,,,,,,,,,,,,,,,,,,,,
OWID_CYN,Asia,Northern Cyprus,8/10/2021,,,,,,,,,,,,,,,,,,,,,,,,,,,,,,,,,,,,2206,,,,,5771,1050,0.275,,,,,,,,,,,,,,,,,,,,
OWID_CYN,Asia,Northern Cyprus,8/11/2021,,,,,,,,,,,,,,,,,,,,,,,,,,,,,,,,,,,,2206,,,,,5771,1050,0.275,,,,,,,,,,,,,,,,,,,,
OWID_CYN,Asia,Northern Cyprus,8/12/2021,,,,,,,,,,,,,,,,,,,,,,,,,,,,,,,,,,,,2206,,,,,5771,1050,0.275,,,,,,,,,,,,,,,,,,,,
OWID_CYN,Asia,Northern Cyprus,8/13/2021,,,,,,,,,,,,,,,,,,,,,,,,,,,,,,,,,,,,2206,,,,,5771,1050,0.275,,,,,,,,,,,,,,,,,,,,
OWID_CYN,Asia,Northern Cyprus,8/14/2021,,,,,,,,,,,,,,,,,,,,,,,,,,,,,,,,,,,,2206,,,,,5771,1050,0.275,,,,,,,,,,,,,,,,,,,,
OWID_CYN,Asia,Northern Cyprus,8/15/2021,,,,,,,,,,,,,,,,,,,,,,,,,,,,,,,302854,160361,142493,,,2206,79.23,41.95,37.28,,5771,1050,0.275,,,,,,,,,,,,,,,,,,,,
OWID_CYN,Asia,Northern Cyprus,8/16/2021,,,,,,,,,,,,,,,,,,,,,,,,,,,,,,,,,,,,2531,,,,,6622,1127,0.295,,,,,,,,,,,,,,,,,,,,
OWID_CYN,Asia,Northern Cyprus,8/17/2021,,,,,,,,,,,,,,,,,,,,,,,,,,,,,,,,,,,,2857,,,,,7475,1204,0.315,,,,,,,,,,,,,,,,,,,,
OWID_CYN,Asia,Northern Cyprus,8/18/2021,,,,,,,,,,,,,,,,,,,,,,,,,,,,,,,,,,,,3182,,,,,8325,1281,0.335,,,,,,,,,,,,,,,,,,,,
OWID_CYN,Asia,Northern Cyprus,8/19/2021,,,,,,,,,,,,,,,,,,,,,,,,,,,,,,,,,,,,3508,,,,,9178,1359,0.356,,,,,,,,,,,,,,,,,,,,
OWID_CYN,Asia,Northern Cyprus,8/20/2021,,,,,,,,,,,,,,,,,,,,,,,,,,,,,,,,,,,,3833,,,,,10028,1436,0.376,,,,,,,,,,,,,,,,,,,,
OWID_CYN,Asia,Northern Cyprus,8/21/2021,,,,,,,,,,,,,,,,,,,,,,,,,,,,,,,,,,,,4159,,,,,10881,1513,0.396,,,,,,,,,,,,,,,,,,,,
OWID_CYN,Asia,Northern Cyprus,8/22/2021,,,,,,,,,,,,,,,,,,,,,,,,,,,,,,,,,,,,4485,,,,,11734,1590,0.416,,,,,,,,,,,,,,,,,,,,
OWID_CYN,Asia,Northern Cyprus,8/23/2021,,,,,,,,,,,,,,,,,,,,,,,,,,,,,,,,,,,,4485,,,,,11734,1590,0.416,,,,,,,,,,,,,,,,,,,,
OWID_CYN,Asia,Northern Cyprus,8/24/2021,,,,,,,,,,,,,,,,,,,,,,,,,,,,,,,,,,,,4485,,,,,11734,1590,0.416,,,,,,,,,,,,,,,,,,,,
OWID_CYN,Asia,Northern Cyprus,8/25/2021,,,,,,,,,,,,,,,,,,,,,,,,,,,,,,,,,,,,4485,,,,,11734,1590,0.416,,,,,,,,,,,,,,,,,,,,
OWID_CYN,Asia,Northern Cyprus,8/26/2021,,,,,,,,,,,,,,,,,,,,,,,,,,,,,,,,,,,,4485,,,,,11734,1590,0.416,,,,,,,,,,,,,,,,,,,,
OWID_CYN,Asia,Northern Cyprus,8/27/2021,,,,,,,,,,,,,,,,,,,,,,,,,,,,,,,,,,,,4485,,,,,11734,1590,0.416,,,,,,,,,,,,,,,,,,,,
OWID_CYN,Asia,Northern Cyprus,8/28/2021,,,,,,,,,,,,,,,,,,,,,,,,,,,,,,,,,,,,4485,,,,,11734,1590,0.416,,,,,,,,,,,,,,,,,,,,
OWID_CYN,Asia,Northern Cyprus,8/29/2021,,,,,,,,,,,,,,,,,,,,,,,,,,,,,,,,,,,,4485,,,,,11734,1590,0.416,,,,,,,,,,,,,,,,,,,,
OWID_CYN,Asia,Northern Cyprus,8/30/2021,,,,,,,,,,,,,,,,,,,,,,,,,,,,,,,,,,,,4485,,,,,11734,1590,0.416,,,,,,,,,,,,,,,,,,,,
OWID_CYN,Asia,Northern Cyprus,8/31/2021,,,,,,,,,,,,,,,,,,,,,,,,,,,,,,,,,,,,4485,,,,,11734,1590,0.416,,,,,,,,,,,,,,,,,,,,
OWID_CYN,Asia,Northern Cyprus,9/1/2021,,,,,,,,,,,,,,,,,,,,,,,,,,,,,,,,,,,,4485,,,,,11734,1590,0.416,,,,,,,,,,,,,,,,,,,,
OWID_CYN,Asia,Northern Cyprus,9/2/2021,,,,,,,,,,,,,,,,,,,,,,,,,,,,,,,,,,,,4485,,,,,11734,1590,0.416,,,,,,,,,,,,,,,,,,,,
OWID_CYN,Asia,Northern Cyprus,9/3/2021,,,,,,,,,,,,,,,,,,,,,,,,,,,,,,,,,,,,4485,,,,,11734,1590,0.416,,,,,,,,,,,,,,,,,,,,
OWID_CYN,Asia,Northern Cyprus,9/4/2021,,,,,,,,,,,,,,,,,,,,,,,,,,,,,,,,,,,,4485,,,,,11734,1590,0.416,,,,,,,,,,,,,,,,,,,,
OWID_CYN,Asia,Northern Cyprus,9/5/2021,,,,,,,,,,,,,,,,,,,,,,,,,,,,,,,,,,,,4485,,,,,11734,1590,0.416,,,,,,,,,,,,,,,,,,,,
OWID_CYN,Asia,Northern Cyprus,9/6/2021,,,,,,,,,,,,,,,,,,,,,,,,,,,,,,,,,,,,4485,,,,,11734,1590,0.416,,,,,,,,,,,,,,,,,,,,
OWID_CYN,Asia,Northern Cyprus,9/7/2021,,,,,,,,,,,,,,,,,,,,,,,,,,,,,,,,,,,,4485,,,,,11734,1590,0.416,,,,,,,,,,,,,,,,,,,,
OWID_CYN,Asia,Northern Cyprus,9/8/2021,,,,,,,,,,,,,,,,,,,,,,,,,,,,,,,,,,,,4485,,,,,11734,1590,0.416,,,,,,,,,,,,,,,,,,,,
OWID_CYN,Asia,Northern Cyprus,9/9/2021,,,,,,,,,,,,,,,,,,,,,,,,,,,,,,,,,,,,4485,,,,,11734,1590,0.416,,,,,,,,,,,,,,,,,,,,
OWID_CYN,Asia,Northern Cyprus,9/10/2021,,,,,,,,,,,,,,,,,,,,,,,,,,,,,,,,,,,,4485,,,,,11734,1590,0.416,,,,,,,,,,,,,,,,,,,,
OWID_CYN,Asia,Northern Cyprus,9/11/2021,,,,,,,,,,,,,,,,,,,,,,,,,,,,,,,,,,,,4485,,,,,11734,1590,0.416,,,,,,,,,,,,,,,,,,,,
OWID_CYN,Asia,Northern Cyprus,9/12/2021,,,,,,,,,,,,,,,,,,,,,,,,,,,,,,,,,,,,4485,,,,,11734,1590,0.416,,,,,,,,,,,,,,,,,,,,
OWID_CYN,Asia,Northern Cyprus,9/13/2021,,,,,,,,,,,,,,,,,,,,,,,,,,,,,,,,,,,,4485,,,,,11734,1590,0.416,,,,,,,,,,,,,,,,,,,,
OWID_CYN,Asia,Northern Cyprus,9/14/2021,,,,,,,,,,,,,,,,,,,,,,,,,,,,,,,,,,,,4485,,,,,11734,1590,0.416,,,,,,,,,,,,,,,,,,,,
OWID_CYN,Asia,Northern Cyprus,9/15/2021,,,,,,,,,,,,,,,,,,,,,,,,,,,,,,,,,,,,4485,,,,,11734,1590,0.416,,,,,,,,,,,,,,,,,,,,
OWID_CYN,Asia,Northern Cyprus,9/16/2021,,,,,,,,,,,,,,,,,,,,,,,,,,,,,,,,,,,,4485,,,,,11734,1590,0.416,,,,,,,,,,,,,,,,,,,,
OWID_CYN,Asia,Northern Cyprus,9/17/2021,,,,,,,,,,,,,,,,,,,,,,,,,,,,,,,,,,,,4485,,,,,11734,1590,0.416,,,,,,,,,,,,,,,,,,,,
OWID_CYN,Asia,Northern Cyprus,9/18/2021,,,,,,,,,,,,,,,,,,,,,,,,,,,,,,,,,,,,4485,,,,,11734,1590,0.416,,,,,,,,,,,,,,,,,,,,
OWID_CYN,Asia,Northern Cyprus,9/19/2021,,,,,,,,,,,,,,,,,,,,,,,,,,,,,,,,,,,,4485,,,,,11734,1590,0.416,,,,,,,,,,,,,,,,,,,,
OWID_CYN,Asia,Northern Cyprus,9/20/2021,,,,,,,,,,,,,,,,,,,,,,,,,,,,,,,,,,,,4485,,,,,11734,1590,0.416,,,,,,,,,,,,,,,,,,,,
OWID_CYN,Asia,Northern Cyprus,9/21/2021,,,,,,,,,,,,,,,,,,,,,,,,,,,,,,,,,,,,4485,,,,,11734,1590,0.416,,,,,,,,,,,,,,,,,,,,
OWID_CYN,Asia,Northern Cyprus,9/22/2021,,,,,,,,,,,,,,,,,,,,,,,,,,,,,,,,,,,,4485,,,,,11734,1590,0.416,,,,,,,,,,,,,,,,,,,,
OWID_CYN,Asia,Northern Cyprus,9/23/2021,,,,,,,,,,,,,,,,,,,,,,,,,,,,,,,,,,,,4485,,,,,11734,1590,0.416,,,,,,,,,,,,,,,,,,,,
OWID_CYN,Asia,Northern Cyprus,9/24/2021,,,,,,,,,,,,,,,,,,,,,,,,,,,,,,,,,,,,4485,,,,,11734,1590,0.416,,,,,,,,,,,,,,,,,,,,
OWID_CYN,Asia,Northern Cyprus,9/25/2021,,,,,,,,,,,,,,,,,,,,,,,,,,,,,,,,,,,,4485,,,,,11734,1590,0.416,,,,,,,,,,,,,,,,,,,,
OWID_CYN,Asia,Northern Cyprus,9/26/2021,,,,,,,,,,,,,,,,,,,,,,,,,,,,,,,491206,227155,223142,40909,,4485,128.51,59.43,58.38,10.7,11734,1590,0.416,,,,,,,,,,,,,,,,,,,,
OWID_CYN,Asia,Northern Cyprus,9/27/2021,,,,,,,,,,,,,,,,,,,,,,,,,,,,,,,,,,,,4145,,,,,10844,1627,0.426,,,,,,,,,,,,,,,,,,,,
OWID_CYN,Asia,Northern Cyprus,9/28/2021,,,,,,,,,,,,,,,,,,,,,,,,,,,,,,,,,,,,3806,,,,,9957,1664,0.435,,,,,,,,,,,,,,,,,,,,
OWID_CYN,Asia,Northern Cyprus,9/29/2021,,,,,,,,,,,,,,,,,,,,,,,,,,,,,,,,,,,,3467,,,,,9070,1700,0.445,,,,,,,,,,,,,,,,,,,,
OWID_CYN,Asia,Northern Cyprus,9/30/2021,,,,,,,,,,,,,,,,,,,,,,,,,,,,,,,,,,,,3128,,,,,8184,1737,0.454,,,,,,,,,,,,,,,,,,,,
OWID_CYN,Asia,Northern Cyprus,10/1/2021,,,,,,,,,,,,,,,,,,,,,,,,,,,,,,,,,,,,2789,,,,,7297,1774,0.464,,,,,,,,,,,,,,,,,,,,
OWID_CYN,Asia,Northern Cyprus,10/2/2021,,,,,,,,,,,,,,,,,,,,,,,,,,,,,,,,,,,,2450,,,,,6410,1810,0.474,,,,,,,,,,,,,,,,,,,,
OWID_CYN,Asia,Northern Cyprus,10/3/2021,,,,,,,,,,,,,,,,,,,,,,,,,,,,,,,,,,,,2110,,,,,5520,1847,0.483,,,,,,,,,,,,,,,,,,,,
OWID_CYN,Asia,Northern Cyprus,10/4/2021,,,,,,,,,,,,,,,,,,,,,,,,,,,,,,,,,,,,2110,,,,,5520,1847,0.483,,,,,,,,,,,,,,,,,,,,
OWID_CYN,Asia,Northern Cyprus,10/5/2021,,,,,,,,,,,,,,,,,,,,,,,,,,,,,,,,,,,,2110,,,,,5520,1847,0.483,,,,,,,,,,,,,,,,,,,,
OWID_CYN,Asia,Northern Cyprus,10/6/2021,,,,,,,,,,,,,,,,,,,,,,,,,,,,,,,,,,,,2110,,,,,5520,1847,0.483,,,,,,,,,,,,,,,,,,,,
OWID_CYN,Asia,Northern Cyprus,10/7/2021,,,,,,,,,,,,,,,,,,,,,,,,,,,,,,,,,,,,2110,,,,,5520,1847,0.483,,,,,,,,,,,,,,,,,,,,
OWID_CYN,Asia,Northern Cyprus,10/8/2021,,,,,,,,,,,,,,,,,,,,,,,,,,,,,,,,,,,,2110,,,,,5520,1847,0.483,,,,,,,,,,,,,,,,,,,,
OWID_CYN,Asia,Northern Cyprus,10/9/2021,,,,,,,,,,,,,,,,,,,,,,,,,,,,,,,,,,,,2110,,,,,5520,1847,0.483,,,,,,,,,,,,,,,,,,,,
OWID_CYN,Asia,Northern Cyprus,10/10/2021,,,,,,,,,,,,,,,,,,,,,,,,,,,,,,,,,,,,2110,,,,,5520,1847,0.483,,,,,,,,,,,,,,,,,,,,
OWID_CYN,Asia,Northern Cyprus,10/11/2021,,,,,,,,,,,,,,,,,,,,,,,,,,,,,,,,,,,,2110,,,,,5520,1847,0.483,,,,,,,,,,,,,,,,,,,,
OWID_CYN,Asia,Northern Cyprus,10/12/2021,,,,,,,,,,,,,,,,,,,,,,,,,,,,,,,,,,,,2110,,,,,5520,1847,0.483,,,,,,,,,,,,,,,,,,,,
OWID_CYN,Asia,Northern Cyprus,10/13/2021,,,,,,,,,,,,,,,,,,,,,,,,,,,,,,,,,,,,2110,,,,,5520,1847,0.483,,,,,,,,,,,,,,,,,,,,
OWID_CYN,Asia,Northern Cyprus,10/14/2021,,,,,,,,,,,,,,,,,,,,,,,,,,,,,,,,,,,,2110,,,,,5520,1847,0.483,,,,,,,,,,,,,,,,,,,,
OWID_CYN,Asia,Northern Cyprus,10/15/2021,,,,,,,,,,,,,,,,,,,,,,,,,,,,,,,,,,,,2110,,,,,5520,1847,0.483,,,,,,,,,,,,,,,,,,,,
OWID_CYN,Asia,Northern Cyprus,10/16/2021,,,,,,,,,,,,,,,,,,,,,,,,,,,,,,,,,,,,2110,,,,,5520,1847,0.483,,,,,,,,,,,,,,,,,,,,
OWID_CYN,Asia,Northern Cyprus,10/17/2021,,,,,,,,,,,,,,,,,,,,,,,,,,,,,,,,,,,,2110,,,,,5520,1847,0.483,,,,,,,,,,,,,,,,,,,,
OWID_CYN,Asia,Northern Cyprus,10/18/2021,,,,,,,,,,,,,,,,,,,,,,,,,,,,,,,,,,,,2110,,,,,5520,1847,0.483,,,,,,,,,,,,,,,,,,,,
OWID_CYN,Asia,Northern Cyprus,10/19/2021,,,,,,,,,,,,,,,,,,,,,,,,,,,,,,,,,,,,2110,,,,,5520,1847,0.483,,,,,,,,,,,,,,,,,,,,
OWID_CYN,Asia,Northern Cyprus,10/20/2021,,,,,,,,,,,,,,,,,,,,,,,,,,,,,,,,,,,,2110,,,,,5520,1847,0.483,,,,,,,,,,,,,,,,,,,,
OWID_CYN,Asia,Northern Cyprus,10/21/2021,,,,,,,,,,,,,,,,,,,,,,,,,,,,,,,,,,,,2110,,,,,5520,1847,0.483,,,,,,,,,,,,,,,,,,,,
OWID_CYN,Asia,Northern Cyprus,10/22/2021,,,,,,,,,,,,,,,,,,,,,,,,,,,,,,,546076,275175,258587,46158,,2110,142.87,71.99,67.65,12.08,5520,1847,0.483,,,,,,,,,,,,,,,,,,,,
OWID_CYN,Asia,Northern Cyprus,10/23/2021,,,,,,,,,,,,,,,,,,,,,,,,,,,,,,,,,,,,1919,,,,,5021,1606,0.42,,,,,,,,,,,,,,,,,,,,
OWID_CYN,Asia,Northern Cyprus,10/24/2021,,,,,,,,,,,,,,,,,,,,,,,,,,,,,,,,,,,,1727,,,,,4518,1365,0.357,,,,,,,,,,,,,,,,,,,,
OWID_CYN,Asia,Northern Cyprus,10/25/2021,,,,,,,,,,,,,,,,,,,,,,,,,,,,,,,,,,,,1535,,,,,4016,1124,0.294,,,,,,,,,,,,,,,,,,,,
OWID_CYN,Asia,Northern Cyprus,10/26/2021,,,,,,,,,,,,,,,,,,,,,,,,,,,,,,,,,,,,1344,,,,,3516,883,0.231,,,,,,,,,,,,,,,,,,,,
OWID_CYN,Asia,Northern Cyprus,10/27/2021,,,,,,,,,,,,,,,,,,,,,,,,,,,,,,,,,,,,1152,,,,,3014,642,0.168,,,,,,,,,,,,,,,,,,,,
OWID_CYN,Asia,Northern Cyprus,10/28/2021,,,,,,,,,,,,,,,,,,,,,,,,,,,,,,,,,,,,960,,,,,2512,401,0.105,,,,,,,,,,,,,,,,,,,,
OWID_CYN,Asia,Northern Cyprus,10/29/2021,,,,,,,,,,,,,,,,,,,,,,,,,,,,,,,551457,276296,261431,47948,,769,144.27,72.29,68.4,12.54,2012,160,0.042,,,,,,,,,,,,,,,,,,,,
OWID_CYN,Asia,Northern Cyprus,10/30/2021,,,,,,,,,,,,,,,,,,,,,,,,,,,,,,,,,,,,769,,,,,2012,141,0.037,,,,,,,,,,,,,,,,,,,,
OWID_CYN,Asia,Northern Cyprus,10/31/2021,,,,,,,,,,,,,,,,,,,,,,,,,,,,,,,,,,,,770,,,,,2014,122,0.032,,,,,,,,,,,,,,,,,,,,
OWID_CYN,Asia,Northern Cyprus,11/1/2021,,,,,,,,,,,,,,,,,,,,,,,,,,,,,,,,,,,,771,,,,,2017,103,0.027,,,,,,,,,,,,,,,,,,,,
OWID_CYN,Asia,Northern Cyprus,11/2/2021,,,,,,,,,,,,,,,,,,,,,,,,,,,,,,,,,,,,772,,,,,2020,84,0.022,,,,,,,,,,,,,,,,,,,,
OWID_CYN,Asia,Northern Cyprus,11/3/2021,,,,,,,,,,,,,,,,,,,,,,,,,,,,,,,,,,,,773,,,,,2022,65,0.017,,,,,,,,,,,,,,,,,,,,
OWID_CYN,Asia,Northern Cyprus,11/4/2021,,,,,,,,,,,,,,,,,,,,,,,,,,,,,,,,,,,,773,,,,,2022,46,0.012,,,,,,,,,,,,,,,,,,,,
OWID_CYN,Asia,Northern Cyprus,11/5/2021,,,,,,,,,,,,,,,,,,,,,,,,,,,,,,,556876,276487,263291,51741,,774,145.69,72.34,68.88,13.54,2025,27,0.007,,,,,,,,,,,,,,,,,,,,
OWID_CYN,Asia,Northern Cyprus,11/6/2021,,,,,,,,,,,,,,,,,,,,,,,,,,,,,,,,,,,,808,,,,,2114,47,0.012,,,,,,,,,,,,,,,,,,,,
OWID_CYN,Asia,Northern Cyprus,11/7/2021,,,,,,,,,,,,,,,,,,,,,,,,,,,,,,,,,,,,842,,,,,2203,67,0.018,,,,,,,,,,,,,,,,,,,,
OWID_CYN,Asia,Northern Cyprus,11/8/2021,,,,,,,,,,,,,,,,,,,,,,,,,,,,,,,,,,,,876,,,,,2292,86,0.022,,,,,,,,,,,,,,,,,,,,
OWID_CYN,Asia,Northern Cyprus,11/9/2021,,,,,,,,,,,,,,,,,,,,,,,,,,,,,,,,,,,,909,,,,,2378,106,0.028,,,,,,,,,,,,,,,,,,,,
OWID_CYN,Asia,Northern Cyprus,11/10/2021,,,,,,,,,,,,,,,,,,,,,,,,,,,,,,,,,,,,943,,,,,2467,126,0.033,,,,,,,,,,,,,,,,,,,,
OWID_CYN,Asia,Northern Cyprus,11/11/2021,,,,,,,,,,,,,,,,,,,,,,,,,,,,,,,,,,,,977,,,,,2556,145,0.038,,,,,,,,,,,,,,,,,,,,
OWID_CYN,Asia,Northern Cyprus,11/12/2021,,,,,,,,,,,,,,,,,,,,,,,,,,,,,,,563953,277641,265245,56061,,1011,147.54,72.64,69.39,14.67,2645,165,0.043,,,,,,,,,,,,,,,,,,,,
OWID_CYN,Asia,Northern Cyprus,11/13/2021,,,,,,,,,,,,,,,,,,,,,,,,,,,,,,,,,,,,1098,,,,,2873,175,0.046,,,,,,,,,,,,,,,,,,,,
OWID_CYN,Asia,Northern Cyprus,11/14/2021,,,,,,,,,,,,,,,,,,,,,,,,,,,,,,,,,,,,1186,,,,,3103,186,0.049,,,,,,,,,,,,,,,,,,,,
OWID_CYN,Asia,Northern Cyprus,11/15/2021,,,,,,,,,,,,,,,,,,,,,,,,,,,,,,,,,,,,1273,,,,,3330,197,0.052,,,,,,,,,,,,,,,,,,,,
OWID_CYN,Asia,Northern Cyprus,11/16/2021,,,,,,,,,,,,,,,,,,,,,,,,,,,,,,,,,,,,1360,,,,,3558,207,0.054,,,,,,,,,,,,,,,,,,,,
OWID_CYN,Asia,Northern Cyprus,11/17/2021,,,,,,,,,,,,,,,,,,,,,,,,,,,,,,,,,,,,1448,,,,,3788,218,0.057,,,,,,,,,,,,,,,,,,,,
OWID_CYN,Asia,Northern Cyprus,11/18/2021,,,,,,,,,,,,,,,,,,,,,,,,,,,,,,,,,,,,1535,,,,,4016,228,0.06,,,,,,,,,,,,,,,,,,,,
OWID_CYN,Asia,Northern Cyprus,11/19/2021,,,,,,,,,,,,,,,,,,,,,,,,,,,,,,,575309,279313,268242,62976,,1622,150.51,73.07,70.18,16.48,4244,239,0.063,,,,,,,,,,,,,,,,,,,,
OWID_CYN,Asia,Northern Cyprus,11/20/2021,,,,,,,,,,,,,,,,,,,,,,,,,,,,,,,,,,,,2249,,,,,5884,308,0.081,,,,,,,,,,,,,,,,,,,,
OWID_CYN,Asia,Northern Cyprus,11/21/2021,,,,,,,,,,,,,,,,,,,,,,,,,,,,,,,,,,,,2876,,,,,7524,376,0.098,,,,,,,,,,,,,,,,,,,,
OWID_CYN,Asia,Northern Cyprus,11/22/2021,,,,,,,,,,,,,,,,,,,,,,,,,,,,,,,,,,,,3503,,,,,9165,445,0.116,,,,,,,,,,,,,,,,,,,,
OWID_CYN,Asia,Northern Cyprus,11/23/2021,,,,,,,,,,,,,,,,,,,,,,,,,,,,,,,,,,,,4130,,,,,10805,514,0.134,,,,,,,,,,,,,,,,,,,,
OWID_CYN,Asia,Northern Cyprus,11/24/2021,,,,,,,,,,,,,,,,,,,,,,,,,,,,,,,,,,,,4757,,,,,12445,583,0.153,,,,,,,,,,,,,,,,,,,,
OWID_CYN,Asia,Northern Cyprus,11/25/2021,,,,,,,,,,,,,,,,,,,,,,,,,,,,,,,,,,,,5384,,,,,14086,652,0.171,,,,,,,,,,,,,,,,,,,,
OWID_CYN,Asia,Northern Cyprus,11/26/2021,,,,,,,,,,,,,,,,,,,,,,,,,,,,,,,617389,284357,275988,80243,,6011,161.52,74.39,72.2,20.99,15726,721,0.189,,,,,,,,,,,,,,,,,,,,
